query_type,trial,full_latency,rag_latency,full_tokens,rag_tokens,full_num_docs,rag_num_docs,retrieval_quality,retrieved_topics,full_answer,rag_answer
medicine,0,43.05773687362671,13.103920698165894,2109,363,20,3,1.0,"medicine,medicine,medicine"," לא ניתן לענות שאלה בשכל מינים, דבר זה שורס כאן מסוג שאלה-ותשובה. אך אפשר לפרט כי תרופה X (כתוצאה של חקירה) יכולה לתנוע בצרך מסגרות חוזפות ונמוכה לדיבר עם כוונת שינוי או מנחה. בעת הכלים ממתין לפי הצדק"," תופעות הלוואי של תרופה X כוללות בחילות, סחרחורת, כאבי ראש קלים, ובמקרים נדירים תגובות אלרגיות."
medicine,1,46.30927515029907,12.79106616973877,2109,363,20,3,1.0,"medicine,medicine,medicine"," תרופה X אינה תוצאה פורסמית כדי להכיל עיקרוניות על התופעות של התרופה. להחזיר על התופעות של תרופה X, צריך לקבל מידע נוסף על כן או על התרופה והתופעות שם. מידע זה יכול להיות מבוסס על חידושים, תוצאות מחקר"," תופעות לוואי של תרופה X כוללות בחילות, סחרחורת, כאבי ראש קלים, ובמקרים נדירים תגובות אלרגיות."
medicine,2,118.96879291534424,12.84918999671936,2109,363,20,3,1.0,"medicine,medicine,medicine"," תופעות הלוואי של תרופה X יכולו להיות:

1. חסר מציאות - לא נמצא קיים חשך לתרופה X בעלמא, או לא נמצא כדי להשיג את האחסון הצעיתי.
2. טעויות - תרופה X תהיה בעזרת טעויות, כמו בלבנה שאינה חוקית לנפגש, או כ"," תופעות לוואי של תרופה X כוללות בחילות, סחרחורת, כאבי ראש קלים, ובמקרים נדירים תגובות אלרגיות."
medicine,3,92.7543637752533,12.762532234191895,2109,363,20,3,1.0,"medicine,medicine,medicine"," תופעות הלוואי של תרופה X זוכרות על ידי סמכות התרופה, הצער הנובח של התרופה, התקצורה של התרופה, הנתונים מציעים לטיפול בתרופה, אלגרידי התרופה, הכלים שחייבים להשתמש בהן כדי לקבל התרופה, ועוד.

צפה אחרי ס"," תופעות הלוואי של תרופה X כוללות בחילות, סחרחורת, כאבי ראש קלים, ובמקרים נדירים תגובות אלרגיות."
medicine,4,122.12948203086853,46.64868783950806,2109,363,20,3,1.0,"medicine,medicine,medicine"," תרופה X לא נדוגה כלל, אצלי קיימת אותה ספריים מתקשרים לה ותעניינים שמשתתף בהם.

1. דיעבדות כדי חזקה התרופה: תרופת X צריכה להקצר את הזמן שאחת נוכל להמוצא עם המצב הסגור של התנועה של האינשן. זה יכול להיו"," תופעות הלוואי של תרופה X כוללות:
1. סחרחורות
2. כאבים קלים כמו כאב ראש, כאב רגלים
3. בחילות
4. (נדירים) תגובות אלרגיות

ענה: Toufaot levia shel trufah X kululot:
1. Sacherhurot
2. Ka'avim klayim kemo"
technology,0,140.465163230896,48.11421275138855,2109,307,20,3,0.6666666666666666,"technology,medicine,technology"," הבינה מלאכותית יתרה למשהו מספיקת כוח העבודה, יצירה של איכות שגוי וסכים נפתרים. הייתרונות שלה הם:
1. מוגנות על זכויות הצרכן: הבינה מלאכותית מספקה ביטול עסקה בתנאים מסוימים, מוזרות לחשד וצריך אינו נדרש"," היתרונות של בינה מלאכותית כוללים:
1. הזדמן לנסיע בטכנולוגיות AI ולהבטיח שיטופלים קצרים ונפוצים, כמו עוזרים וירטואליים.
2. הגדרת מערכות מסוגלות לבצע שימושים מהדרך הכפופה, כמו ראייה ממוחשבת, עיבוד שפה "
technology,1,657.6968567371368,83.59234499931335,2109,307,20,3,0.6666666666666666,"technology,medicine,technology"," היתרונות של בינה מלאכותית מציים בעזרת שלושה עננים:

1. **אספוד**: בינה מלאכותית מוצגת את המחשב של הצדדים, האפשרות לשיגור את התקשורה בין הצדדים ובדלת את העניין.

2. **הסכמה**: בינה מלאכותית עזרה לחקיר"," היתרונות של בינה מלאכותית כוללים:

1. הצגה מידעים: בינה מלאכותית מוזן לצד מידעים וספקת תצוגות מידעים מסוג רשימות, טבלות ונתונים או כדי זיהוי תמונות.
2. רב-אפיודים: בינה מלאכותית מספקת רב-אפיודים ומשמ"
technology,2,93.47064280509949,65.48222732543945,2109,307,20,3,0.6666666666666666,"technology,medicine,technology"," היתרונות של בינה מלאכותית הם:
1. הגנה משפטית - בינתייה מלאכותית מקבלת סדרי חוב ושגרות, והצעים שהוצגים על פי חוקים.
2. בטיחה לזכויות - בינתייה מלאכותית מספקת לחייבים זכויות ומשכרים עבודה כמו זכויות גב"," היתרונות של בינה מלאכותית הם:

1. משפט התואם: מחשב עוסק בבינה מלאכותית מגדר משפטים התואמים לצרכים הדורשים של אינטליגנציה אנושית.

2. מכונה: בינה מלאכותית מקבלת מספר שיחות נפוצות כמו עוזרים וירטואליים"
technology,3,550.8763270378113,66.43385887145996,2109,307,20,3,0.6666666666666666,"technology,medicine,technology"," היתרונות של בינה מלאכותית מספקים לך רישים אישיים, צמיחות ודעות חדשות ומרכזיות בענן המלאכה.

1. **רישים אישיים**: בינה מלאכותית מספקת רישים אישיים, מידע ואפשרויות שאין לך לגמר אותם במחשבות כלכלית. הם "," היתרונות של בינה מלאכותית כוללים:

1. תפקד רציף: מסמכים מלאכותיים נושאים תעשייות מוגבלות וחזקים לתקנים, והעמודה לעזר הוא שבינה מלאכותית יכולה לפעול כל תעשייות הדורשות אינטליגנציה אנושית.
2. משקל: בינ"
technology,4,122.67760634422302,99.1252019405365,2109,307,20,3,0.6666666666666666,"technology,medicine,technology"," היתרונות של בינה מלאכותית בספר דינים הם:
1. אחסון זכויות - בינה מלאכותית מאפשר לעושה העסק לצטרף לסיסמאת בינתית ולאחסון זכויות שלו ממכירים ומושטרים.
2. מגנה מחוקי - בינה מלאכותית מציינה שזכויות מוסדפת"," היתרונות של בינה מלאכותית כוללים:
1. הצגת תכון אדמיר בעזרת המסוגלות לבצע משימות הדורשות אינטליגנציה אנושית.
2. החלפת אנושים לרשות זכויות מקסימלית (כמו עוזרים וירטואליים) והצגת תעשיות רבות (כולל רפואה"
law,0,140.01833081245422,80.18959522247314,2109,301,20,3,0.3333333333333333,"law,technology,technology"," המעסיק מציע כל החובות נשימיות לפי הנושאים:

1. דיני עסקיים - חובה להשאר שמו, ניקוי כמובן, ציוון וגירוש משפטיים, השתמש בתוכנות עסקית הכשוף והחשבונית.
2. דיני נכסים - חובה לאחזר את הנכסים שהיו מנעות, ג"," המעסיך חייב לצטרף לחוקים העשויים לגבי זכויות העובדים, כמו:

1. חוק העבודה: איניו נוסף לעסוקים, אבל הוא מצורף בספור של המעסיך, כגון אתגרים של שעות עבודה, סכום שכר וזכויות נוספות.
2. חוק הזכויות הנוספו"
law,1,87.7065589427948,28.958980798721313,2109,301,20,3,0.3333333333333333,"law,technology,technology"," מעסיק צריך לדעת אותו:
1. לזכור על החובות האסורות, כמו זכויות פרטיות של הצרכן והטעיה במודעות פרסום.
2. לקבל את הסדרים וההסכמות החוקיות של הצדדים, כמו חוזה, דיני קניין ודיני פשיטת רגל.
3. לעזור בסכוי ג"," המעסיק חייב לספק סביבת עבודה בטוחה ובריאה, להשם יחסים בין מעסיקים ועובדים לגבי שעות עבודה, שכר מינימום, וחופשות, להצטרף לזכויות העובדים (ז.א., גנה מפני פיטורים שרירותיים ותנאי עבודה הוגנים), להצטרף ל"
law,2,90.1702971458435,64.62880492210388,2109,301,20,3,0.3333333333333333,"law,technology,technology"," מעסיק יכול לגדול בחלוקת חובות חוקיות מסוימות, אך ברור יש שהם מכילים:

1. חוב עניין משפטי - זה מכיל כל החובות אישיות ותאגידיות שאינו יכול לבטל או להפסים, כמו זכויות של עסקים מסחריות, חוזים, צרכנות, נד"," מעסיק חייב להכיר את החוקים שיצאו מ Israel Labor Laws, כגון חוק העבודה וחוק הזכויות הנוספות.

1. חוק העבודה: לא יפרסם מעסיק שעות עבודה מדויקות, לא יכול לתאורה עובדים לעבוד יותר מ 45 שעות בשבוע ולחלוק "
law,3,48.70013999938965,36.04115676879883,2109,301,20,3,0.3333333333333333,"law,technology,technology"," המעסיך נדרש לשמור על חוזים, זכויות פשיטת רגל, דיני קניין, דיני חוזים, דיני צרכנות, דיני משפחה, דיני סיבויים, דיני פיתוח עסקי, אל תמחשך, דיני גיזה, דיני עבודה משחר ומצער עסוך, דיני עסקאות סחריות, דיני"," למעשה, מעסיק חייב להיות מאובטח עם צורכי העובדים במסמכים המצורפים. כן, מסמך החוק העבודה מציג חובות של מעסיק לאחר גבי שעות עבודה, זכויות העובדים, דמי שכר ודמי בראה. עובדים אינם חייבים להיות מציגים עם א"
law,4,125.10177516937256,60.44984817504883,2109,301,20,3,0.3333333333333333,"law,technology,technology"," מעסיק חייב להכיר ולאהвати את החובות החוקיות שלו. הם משמעות:

1. דיני משפחה: זכויות הילדים והורים, נישואין, גירושין, ומשמורת ילדים.
2. דיני קניין: זכויות בעלות על נכסים, כולל נדל""ן ומיטלטלין.
3. דיני "," כאשר מסמך מעניין זהו החוק העבודה, גם למעסיק נשמע בעקבו:

1. ספק סביבת עבודה בטוחה ובריאה - זה יכול לכלול כל הצורך גרם רחוק וקריב, כמשחקי תקשורת, ענן Wi-Fi, או אמצעי לציג את המסמך בטוח.

2. שכר מינימו"
